rank,keyword,priority,cluster,intent,funnel,category,proposed_title
1,"ap dsc 2026 last date",90,"AP DSC","last-date",BOFU,"AP Govt Jobs","AP DSC 2026 Last Date – Deadline & Late Fee Details"
2,"ap eapcet 2026 last date",90,"AP EAPCET","last-date",BOFU,"Online Education","AP EAPCET 2026 Last Date – Deadline & Late Fee Details"
3,"ap grama sachivalayam 2026 last date",90,"AP Grama Sachivalayam","last-date",BOFU,"AP Govt Jobs","AP Grama Sachivalayam 2026 Last Date – Deadline & Late Fee Details"
4,"ap jnanabhumi 2026 last date",90,"AP Jnanabhumi","last-date",BOFU,"Scholarships","AP Jnanabhumi 2026 Last Date – Deadline & Late Fee Details"
5,"ap police constable 2026 last date",90,"AP Police Constable","last-date",BOFU,"AP Govt Jobs","AP Police Constable 2026 Last Date – Deadline & Late Fee Details"
6,"appsc group 1 2026 last date",90,"APPSC Group 1","last-date",BOFU,"AP Govt Jobs","APPSC Group 1 2026 Last Date – Deadline & Late Fee Details"
7,"appsc group 2 2026 last date",90,"APPSC Group 2","last-date",BOFU,"AP Govt Jobs","APPSC Group 2 2026 Last Date – Deadline & Late Fee Details"
8,"army agniveer 2026 last date",90,"Army Agniveer","last-date",BOFU,"Central Govt Jobs","Army Agniveer 2026 Last Date – Deadline & Late Fee Details"
9,"cuet ug 2026 last date",90,"CUET UG","last-date",BOFU,"Online Education","CUET UG 2026 Last Date – Deadline & Late Fee Details"
10,"gate 2026 last date",90,"GATE","last-date",BOFU,"Online Education","GATE 2026 Last Date – Deadline & Late Fee Details"
11,"ibps clerk 2026 last date",90,"IBPS Clerk","last-date",BOFU,"Central Govt Jobs","IBPS Clerk 2026 Last Date – Deadline & Late Fee Details"
12,"ibps po 2026 last date",90,"IBPS PO","last-date",BOFU,"Central Govt Jobs","IBPS PO 2026 Last Date – Deadline & Late Fee Details"
13,"india post gds 2026 last date",90,"India Post GDS","last-date",BOFU,"Central Govt Jobs","India Post GDS 2026 Last Date – Deadline & Late Fee Details"
14,"jee main 2026 last date",90,"JEE Main","last-date",BOFU,"Online Education","JEE Main 2026 Last Date – Deadline & Late Fee Details"
15,"neet ug 2026 last date",90,"NEET UG","last-date",BOFU,"Online Education","NEET UG 2026 Last Date – Deadline & Late Fee Details"
16,"nsp scholarship 2026 last date",90,"NSP Scholarship","last-date",BOFU,"Scholarships","NSP Scholarship 2026 Last Date – Deadline & Late Fee Details"
17,"nta ugc net 2026 last date",90,"NTA UGC NET","last-date",BOFU,"Online Education","NTA UGC NET 2026 Last Date – Deadline & Late Fee Details"
18,"post matric scholarship 2026 last date",90,"Post Matric Scholarship","last-date",BOFU,"Scholarships","Post Matric Scholarship 2026 Last Date – Deadline & Late Fee Details"
19,"rrb group d 2026 last date",90,"RRB Group D","last-date",BOFU,"Central Govt Jobs","RRB Group D 2026 Last Date – Deadline & Late Fee Details"
20,"rrb ntpc 2026 last date",90,"RRB NTPC","last-date",BOFU,"Central Govt Jobs","RRB NTPC 2026 Last Date – Deadline & Late Fee Details"
21,"sbi clerk 2026 last date",90,"SBI Clerk","last-date",BOFU,"Central Govt Jobs","SBI Clerk 2026 Last Date – Deadline & Late Fee Details"
22,"sbi po 2026 last date",90,"SBI PO","last-date",BOFU,"Central Govt Jobs","SBI PO 2026 Last Date – Deadline & Late Fee Details"
23,"ssc cgl 2026 last date",90,"SSC CGL","last-date",BOFU,"Central Govt Jobs","SSC CGL 2026 Last Date – Deadline & Late Fee Details"
24,"ssc chsl 2026 last date",90,"SSC CHSL","last-date",BOFU,"Central Govt Jobs","SSC CHSL 2026 Last Date – Deadline & Late Fee Details"
25,"ssc gd 2026 last date",90,"SSC GD","last-date",BOFU,"Central Govt Jobs","SSC GD 2026 Last Date – Deadline & Late Fee Details"
26,"ssc mts 2026 last date",90,"SSC MTS","last-date",BOFU,"Central Govt Jobs","SSC MTS 2026 Last Date – Deadline & Late Fee Details"
27,"tg dsc 2026 last date",90,"TG DSC","last-date",BOFU,"TS Govt Jobs","TG DSC 2026 Last Date – Deadline & Late Fee Details"
28,"tg eapcet 2026 last date",90,"TG EAPCET","last-date",BOFU,"Online Education","TG EAPCET 2026 Last Date – Deadline & Late Fee Details"
29,"tslprb constable 2026 last date",90,"TSLPRB Constable","last-date",BOFU,"TS Govt Jobs","TSLPRB Constable 2026 Last Date – Deadline & Late Fee Details"
30,"tslprb si 2026 last date",90,"TSLPRB SI","last-date",BOFU,"TS Govt Jobs","TSLPRB SI 2026 Last Date – Deadline & Late Fee Details"
31,"tspsc group 1 2026 last date",90,"TSPSC Group 1","last-date",BOFU,"TS Govt Jobs","TSPSC Group 1 2026 Last Date – Deadline & Late Fee Details"
32,"tspsc group 2 2026 last date",90,"TSPSC Group 2","last-date",BOFU,"TS Govt Jobs","TSPSC Group 2 2026 Last Date – Deadline & Late Fee Details"
33,"telangana epass 2026 last date",90,"Telangana ePASS","last-date",BOFU,"Scholarships","Telangana ePASS 2026 Last Date – Deadline & Late Fee Details"
34,"upsc cse 2026 last date",90,"UPSC CSE","last-date",BOFU,"Central Govt Jobs","UPSC CSE 2026 Last Date – Deadline & Late Fee Details"
35,"ap dsc 2026 application status check",89,"AP DSC","status-check",BOFU,"AP Govt Jobs","AP DSC 2026 Application Status Check – Online Steps"
36,"how to apply ap dsc 2026 in telugu",89,"AP DSC","how-to-apply",BOFU,"AP Govt Jobs","AP DSC 2026 Apply Ela Cheyali? Step by Step Telugu"
37,"ap eapcet 2026 application status check",89,"AP EAPCET","status-check",BOFU,"Online Education","AP EAPCET 2026 Application Status Check – Online Steps"
38,"how to apply ap eapcet 2026 in telugu",89,"AP EAPCET","how-to-apply",BOFU,"Online Education","AP EAPCET 2026 Apply Ela Cheyali? Step by Step Telugu"
39,"ap grama sachivalayam 2026 application status check",89,"AP Grama Sachivalayam","status-check",BOFU,"AP Govt Jobs","AP Grama Sachivalayam 2026 Application Status Check – Online Steps"
40,"how to apply ap grama sachivalayam 2026 in telugu",89,"AP Grama Sachivalayam","how-to-apply",BOFU,"AP Govt Jobs","AP Grama Sachivalayam 2026 Apply Ela Cheyali? Step by Step Telugu"
41,"ap jnanabhumi 2026 application status check",89,"AP Jnanabhumi","status-check",BOFU,"Scholarships","AP Jnanabhumi 2026 Application Status Check – Online Steps"
42,"how to apply ap jnanabhumi 2026 in telugu",89,"AP Jnanabhumi","how-to-apply",BOFU,"Scholarships","AP Jnanabhumi 2026 Apply Ela Cheyali? Step by Step Telugu"
43,"ap police constable 2026 application status check",89,"AP Police Constable","status-check",BOFU,"AP Govt Jobs","AP Police Constable 2026 Application Status Check – Online Steps"
44,"how to apply ap police constable 2026 in telugu",89,"AP Police Constable","how-to-apply",BOFU,"AP Govt Jobs","AP Police Constable 2026 Apply Ela Cheyali? Step by Step Telugu"
45,"appsc group 1 2026 application status check",89,"APPSC Group 1","status-check",BOFU,"AP Govt Jobs","APPSC Group 1 2026 Application Status Check – Online Steps"
46,"how to apply appsc group 1 2026 in telugu",89,"APPSC Group 1","how-to-apply",BOFU,"AP Govt Jobs","APPSC Group 1 2026 Apply Ela Cheyali? Step by Step Telugu"
47,"appsc group 2 2026 application status check",89,"APPSC Group 2","status-check",BOFU,"AP Govt Jobs","APPSC Group 2 2026 Application Status Check – Online Steps"
48,"how to apply appsc group 2 2026 in telugu",89,"APPSC Group 2","how-to-apply",BOFU,"AP Govt Jobs","APPSC Group 2 2026 Apply Ela Cheyali? Step by Step Telugu"
49,"army agniveer 2026 application status check",89,"Army Agniveer","status-check",BOFU,"Central Govt Jobs","Army Agniveer 2026 Application Status Check – Online Steps"
50,"how to apply army agniveer 2026 in telugu",89,"Army Agniveer","how-to-apply",BOFU,"Central Govt Jobs","Army Agniveer 2026 Apply Ela Cheyali? Step by Step Telugu"
51,"cuet ug 2026 application status check",89,"CUET UG","status-check",BOFU,"Online Education","CUET UG 2026 Application Status Check – Online Steps"
52,"how to apply cuet ug 2026 in telugu",89,"CUET UG","how-to-apply",BOFU,"Online Education","CUET UG 2026 Apply Ela Cheyali? Step by Step Telugu"
53,"gate 2026 application status check",89,"GATE","status-check",BOFU,"Online Education","GATE 2026 Application Status Check – Online Steps"
54,"how to apply gate 2026 in telugu",89,"GATE","how-to-apply",BOFU,"Online Education","GATE 2026 Apply Ela Cheyali? Step by Step Telugu"
55,"how to apply ibps clerk 2026 in telugu",89,"IBPS Clerk","how-to-apply",BOFU,"Central Govt Jobs","IBPS Clerk 2026 Apply Ela Cheyali? Step by Step Telugu"
56,"ibps clerk 2026 application status check",89,"IBPS Clerk","status-check",BOFU,"Central Govt Jobs","IBPS Clerk 2026 Application Status Check – Online Steps"
57,"how to apply ibps po 2026 in telugu",89,"IBPS PO","how-to-apply",BOFU,"Central Govt Jobs","IBPS PO 2026 Apply Ela Cheyali? Step by Step Telugu"
58,"ibps po 2026 application status check",89,"IBPS PO","status-check",BOFU,"Central Govt Jobs","IBPS PO 2026 Application Status Check – Online Steps"
59,"how to apply india post gds 2026 in telugu",89,"India Post GDS","how-to-apply",BOFU,"Central Govt Jobs","India Post GDS 2026 Apply Ela Cheyali? Step by Step Telugu"
60,"india post gds 2026 application status check",89,"India Post GDS","status-check",BOFU,"Central Govt Jobs","India Post GDS 2026 Application Status Check – Online Steps"
61,"how to apply jee main 2026 in telugu",89,"JEE Main","how-to-apply",BOFU,"Online Education","JEE Main 2026 Apply Ela Cheyali? Step by Step Telugu"
62,"jee main 2026 application status check",89,"JEE Main","status-check",BOFU,"Online Education","JEE Main 2026 Application Status Check – Online Steps"
63,"how to apply neet ug 2026 in telugu",89,"NEET UG","how-to-apply",BOFU,"Online Education","NEET UG 2026 Apply Ela Cheyali? Step by Step Telugu"
64,"neet ug 2026 application status check",89,"NEET UG","status-check",BOFU,"Online Education","NEET UG 2026 Application Status Check – Online Steps"
65,"how to apply nsp scholarship 2026 in telugu",89,"NSP Scholarship","how-to-apply",BOFU,"Scholarships","NSP Scholarship 2026 Apply Ela Cheyali? Step by Step Telugu"
66,"nsp scholarship 2026 application status check",89,"NSP Scholarship","status-check",BOFU,"Scholarships","NSP Scholarship 2026 Application Status Check – Online Steps"
67,"how to apply nta ugc net 2026 in telugu",89,"NTA UGC NET","how-to-apply",BOFU,"Online Education","NTA UGC NET 2026 Apply Ela Cheyali? Step by Step Telugu"
68,"nta ugc net 2026 application status check",89,"NTA UGC NET","status-check",BOFU,"Online Education","NTA UGC NET 2026 Application Status Check – Online Steps"
69,"how to apply post matric scholarship 2026 in telugu",89,"Post Matric Scholarship","how-to-apply",BOFU,"Scholarships","Post Matric Scholarship 2026 Apply Ela Cheyali? Step by Step Telugu"
70,"post matric scholarship 2026 application status check",89,"Post Matric Scholarship","status-check",BOFU,"Scholarships","Post Matric Scholarship 2026 Application Status Check – Online Steps"
71,"how to apply rrb group d 2026 in telugu",89,"RRB Group D","how-to-apply",BOFU,"Central Govt Jobs","RRB Group D 2026 Apply Ela Cheyali? Step by Step Telugu"
72,"rrb group d 2026 application status check",89,"RRB Group D","status-check",BOFU,"Central Govt Jobs","RRB Group D 2026 Application Status Check – Online Steps"
73,"how to apply rrb ntpc 2026 in telugu",89,"RRB NTPC","how-to-apply",BOFU,"Central Govt Jobs","RRB NTPC 2026 Apply Ela Cheyali? Step by Step Telugu"
74,"rrb ntpc 2026 application status check",89,"RRB NTPC","status-check",BOFU,"Central Govt Jobs","RRB NTPC 2026 Application Status Check – Online Steps"
75,"how to apply sbi clerk 2026 in telugu",89,"SBI Clerk","how-to-apply",BOFU,"Central Govt Jobs","SBI Clerk 2026 Apply Ela Cheyali? Step by Step Telugu"
76,"sbi clerk 2026 application status check",89,"SBI Clerk","status-check",BOFU,"Central Govt Jobs","SBI Clerk 2026 Application Status Check – Online Steps"
77,"how to apply sbi po 2026 in telugu",89,"SBI PO","how-to-apply",BOFU,"Central Govt Jobs","SBI PO 2026 Apply Ela Cheyali? Step by Step Telugu"
78,"sbi po 2026 application status check",89,"SBI PO","status-check",BOFU,"Central Govt Jobs","SBI PO 2026 Application Status Check – Online Steps"
79,"how to apply ssc cgl 2026 in telugu",89,"SSC CGL","how-to-apply",BOFU,"Central Govt Jobs","SSC CGL 2026 Apply Ela Cheyali? Step by Step Telugu"
80,"ssc cgl 2026 application status check",89,"SSC CGL","status-check",BOFU,"Central Govt Jobs","SSC CGL 2026 Application Status Check – Online Steps"
81,"how to apply ssc chsl 2026 in telugu",89,"SSC CHSL","how-to-apply",BOFU,"Central Govt Jobs","SSC CHSL 2026 Apply Ela Cheyali? Step by Step Telugu"
82,"ssc chsl 2026 application status check",89,"SSC CHSL","status-check",BOFU,"Central Govt Jobs","SSC CHSL 2026 Application Status Check – Online Steps"
83,"how to apply ssc gd 2026 in telugu",89,"SSC GD","how-to-apply",BOFU,"Central Govt Jobs","SSC GD 2026 Apply Ela Cheyali? Step by Step Telugu"
84,"ssc gd 2026 application status check",89,"SSC GD","status-check",BOFU,"Central Govt Jobs","SSC GD 2026 Application Status Check – Online Steps"
85,"how to apply ssc mts 2026 in telugu",89,"SSC MTS","how-to-apply",BOFU,"Central Govt Jobs","SSC MTS 2026 Apply Ela Cheyali? Step by Step Telugu"
86,"ssc mts 2026 application status check",89,"SSC MTS","status-check",BOFU,"Central Govt Jobs","SSC MTS 2026 Application Status Check – Online Steps"
87,"how to apply tg dsc 2026 in telugu",89,"TG DSC","how-to-apply",BOFU,"TS Govt Jobs","TG DSC 2026 Apply Ela Cheyali? Step by Step Telugu"
88,"tg dsc 2026 application status check",89,"TG DSC","status-check",BOFU,"TS Govt Jobs","TG DSC 2026 Application Status Check – Online Steps"
89,"how to apply tg eapcet 2026 in telugu",89,"TG EAPCET","how-to-apply",BOFU,"Online Education","TG EAPCET 2026 Apply Ela Cheyali? Step by Step Telugu"
90,"tg eapcet 2026 application status check",89,"TG EAPCET","status-check",BOFU,"Online Education","TG EAPCET 2026 Application Status Check – Online Steps"
91,"how to apply tslprb constable 2026 in telugu",89,"TSLPRB Constable","how-to-apply",BOFU,"TS Govt Jobs","TSLPRB Constable 2026 Apply Ela Cheyali? Step by Step Telugu"
92,"tslprb constable 2026 application status check",89,"TSLPRB Constable","status-check",BOFU,"TS Govt Jobs","TSLPRB Constable 2026 Application Status Check – Online Steps"
93,"how to apply tslprb si 2026 in telugu",89,"TSLPRB SI","how-to-apply",BOFU,"TS Govt Jobs","TSLPRB SI 2026 Apply Ela Cheyali? Step by Step Telugu"
94,"tslprb si 2026 application status check",89,"TSLPRB SI","status-check",BOFU,"TS Govt Jobs","TSLPRB SI 2026 Application Status Check – Online Steps"
95,"how to apply tspsc group 1 2026 in telugu",89,"TSPSC Group 1","how-to-apply",BOFU,"TS Govt Jobs","TSPSC Group 1 2026 Apply Ela Cheyali? Step by Step Telugu"
96,"tspsc group 1 2026 application status check",89,"TSPSC Group 1","status-check",BOFU,"TS Govt Jobs","TSPSC Group 1 2026 Application Status Check – Online Steps"
97,"how to apply tspsc group 2 2026 in telugu",89,"TSPSC Group 2","how-to-apply",BOFU,"TS Govt Jobs","TSPSC Group 2 2026 Apply Ela Cheyali? Step by Step Telugu"
98,"tspsc group 2 2026 application status check",89,"TSPSC Group 2","status-check",BOFU,"TS Govt Jobs","TSPSC Group 2 2026 Application Status Check – Online Steps"
99,"how to apply telangana epass 2026 in telugu",89,"Telangana ePASS","how-to-apply",BOFU,"Scholarships","Telangana ePASS 2026 Apply Ela Cheyali? Step by Step Telugu"
100,"telangana epass 2026 application status check",89,"Telangana ePASS","status-check",BOFU,"Scholarships","Telangana ePASS 2026 Application Status Check – Online Steps"
101,"how to apply upsc cse 2026 in telugu",89,"UPSC CSE","how-to-apply",BOFU,"Central Govt Jobs","UPSC CSE 2026 Apply Ela Cheyali? Step by Step Telugu"
102,"upsc cse 2026 application status check",89,"UPSC CSE","status-check",BOFU,"Central Govt Jobs","UPSC CSE 2026 Application Status Check – Online Steps"
103,"ap dsc 2026 apply online direct link",88,"AP DSC","direct-link",BOFU,"AP Govt Jobs","AP DSC 2026 Apply Online Direct Link – Official Site"
104,"ap dsc 2026 eligibility",88,"AP DSC","eligibility",MOFU,"AP Govt Jobs","AP DSC 2026 Eligibility – Age, Qualification & Relaxation"
105,"ap dsc 2026 hall ticket",88,"AP DSC","hall ticket",BOFU,"AP Govt Jobs","AP DSC 2026 Hall Ticket Download – Direct Link & Steps"
106,"ap eapcet 2026 apply online direct link",88,"AP EAPCET","direct-link",BOFU,"Online Education","AP EAPCET 2026 Apply Online Direct Link – Official Site"
107,"ap eapcet 2026 eligibility",88,"AP EAPCET","eligibility",MOFU,"Online Education","AP EAPCET 2026 Eligibility – Age, Qualification & Relaxation"
108,"ap eapcet 2026 hall ticket",88,"AP EAPCET","hall ticket",BOFU,"Online Education","AP EAPCET 2026 Hall Ticket Download – Direct Link & Steps"
109,"ap grama sachivalayam 2026 apply online direct link",88,"AP Grama Sachivalayam","direct-link",BOFU,"AP Govt Jobs","AP Grama Sachivalayam 2026 Apply Online Direct Link – Official Site"
110,"ap grama sachivalayam 2026 eligibility",88,"AP Grama Sachivalayam","eligibility",MOFU,"AP Govt Jobs","AP Grama Sachivalayam 2026 Eligibility – Age, Qualification & Relaxation"
111,"ap grama sachivalayam 2026 hall ticket",88,"AP Grama Sachivalayam","hall ticket",BOFU,"AP Govt Jobs","AP Grama Sachivalayam 2026 Hall Ticket Download – Direct Link & Steps"
112,"ap jnanabhumi 2026 apply online direct link",88,"AP Jnanabhumi","direct-link",BOFU,"Scholarships","AP Jnanabhumi 2026 Apply Online Direct Link – Official Site"
113,"ap jnanabhumi 2026 eligibility",88,"AP Jnanabhumi","eligibility",MOFU,"Scholarships","AP Jnanabhumi 2026 Eligibility – Age, Qualification & Relaxation"
114,"ap police constable 2026 apply online direct link",88,"AP Police Constable","direct-link",BOFU,"AP Govt Jobs","AP Police Constable 2026 Apply Online Direct Link – Official Site"
115,"ap police constable 2026 eligibility",88,"AP Police Constable","eligibility",MOFU,"AP Govt Jobs","AP Police Constable 2026 Eligibility – Age, Qualification & Relaxation"
116,"ap police constable 2026 hall ticket",88,"AP Police Constable","hall ticket",BOFU,"AP Govt Jobs","AP Police Constable 2026 Hall Ticket Download – Direct Link & Steps"
117,"appsc group 1 2026 apply online direct link",88,"APPSC Group 1","direct-link",BOFU,"AP Govt Jobs","APPSC Group 1 2026 Apply Online Direct Link – Official Site"
118,"appsc group 1 2026 eligibility",88,"APPSC Group 1","eligibility",MOFU,"AP Govt Jobs","APPSC Group 1 2026 Eligibility – Age, Qualification & Relaxation"
119,"appsc group 1 2026 hall ticket",88,"APPSC Group 1","hall ticket",BOFU,"AP Govt Jobs","APPSC Group 1 2026 Hall Ticket Download – Direct Link & Steps"
120,"appsc group 2 2026 apply online direct link",88,"APPSC Group 2","direct-link",BOFU,"AP Govt Jobs","APPSC Group 2 2026 Apply Online Direct Link – Official Site"
121,"appsc group 2 2026 eligibility",88,"APPSC Group 2","eligibility",MOFU,"AP Govt Jobs","APPSC Group 2 2026 Eligibility – Age, Qualification & Relaxation"
122,"appsc group 2 2026 hall ticket",88,"APPSC Group 2","hall ticket",BOFU,"AP Govt Jobs","APPSC Group 2 2026 Hall Ticket Download – Direct Link & Steps"
123,"army agniveer 2026 apply online direct link",88,"Army Agniveer","direct-link",BOFU,"Central Govt Jobs","Army Agniveer 2026 Apply Online Direct Link – Official Site"
124,"army agniveer 2026 eligibility",88,"Army Agniveer","eligibility",MOFU,"Central Govt Jobs","Army Agniveer 2026 Eligibility – Age, Qualification & Relaxation"
125,"army agniveer 2026 hall ticket",88,"Army Agniveer","hall ticket",BOFU,"Central Govt Jobs","Army Agniveer 2026 Hall Ticket Download – Direct Link & Steps"
126,"cuet ug 2026 apply online direct link",88,"CUET UG","direct-link",BOFU,"Online Education","CUET UG 2026 Apply Online Direct Link – Official Site"
127,"cuet ug 2026 eligibility",88,"CUET UG","eligibility",MOFU,"Online Education","CUET UG 2026 Eligibility – Age, Qualification & Relaxation"
128,"cuet ug 2026 hall ticket",88,"CUET UG","hall ticket",BOFU,"Online Education","CUET UG 2026 Hall Ticket Download – Direct Link & Steps"
129,"gate 2026 apply online direct link",88,"GATE","direct-link",BOFU,"Online Education","GATE 2026 Apply Online Direct Link – Official Site"
130,"gate 2026 eligibility",88,"GATE","eligibility",MOFU,"Online Education","GATE 2026 Eligibility – Age, Qualification & Relaxation"
131,"gate 2026 hall ticket",88,"GATE","hall ticket",BOFU,"Online Education","GATE 2026 Hall Ticket Download – Direct Link & Steps"
132,"ibps clerk 2026 apply online direct link",88,"IBPS Clerk","direct-link",BOFU,"Central Govt Jobs","IBPS Clerk 2026 Apply Online Direct Link – Official Site"
133,"ibps clerk 2026 eligibility",88,"IBPS Clerk","eligibility",MOFU,"Central Govt Jobs","IBPS Clerk 2026 Eligibility – Age, Qualification & Relaxation"
134,"ibps clerk 2026 hall ticket",88,"IBPS Clerk","hall ticket",BOFU,"Central Govt Jobs","IBPS Clerk 2026 Hall Ticket Download – Direct Link & Steps"
135,"ibps po 2026 apply online direct link",88,"IBPS PO","direct-link",BOFU,"Central Govt Jobs","IBPS PO 2026 Apply Online Direct Link – Official Site"
136,"ibps po 2026 eligibility",88,"IBPS PO","eligibility",MOFU,"Central Govt Jobs","IBPS PO 2026 Eligibility – Age, Qualification & Relaxation"
137,"ibps po 2026 hall ticket",88,"IBPS PO","hall ticket",BOFU,"Central Govt Jobs","IBPS PO 2026 Hall Ticket Download – Direct Link & Steps"
138,"india post gds 2026 apply online direct link",88,"India Post GDS","direct-link",BOFU,"Central Govt Jobs","India Post GDS 2026 Apply Online Direct Link – Official Site"
139,"india post gds 2026 eligibility",88,"India Post GDS","eligibility",MOFU,"Central Govt Jobs","India Post GDS 2026 Eligibility – Age, Qualification & Relaxation"
140,"india post gds 2026 hall ticket",88,"India Post GDS","hall ticket",BOFU,"Central Govt Jobs","India Post GDS 2026 Hall Ticket Download – Direct Link & Steps"
141,"jee main 2026 apply online direct link",88,"JEE Main","direct-link",BOFU,"Online Education","JEE Main 2026 Apply Online Direct Link – Official Site"
142,"jee main 2026 eligibility",88,"JEE Main","eligibility",MOFU,"Online Education","JEE Main 2026 Eligibility – Age, Qualification & Relaxation"
143,"jee main 2026 hall ticket",88,"JEE Main","hall ticket",BOFU,"Online Education","JEE Main 2026 Hall Ticket Download – Direct Link & Steps"
144,"neet ug 2026 apply online direct link",88,"NEET UG","direct-link",BOFU,"Online Education","NEET UG 2026 Apply Online Direct Link – Official Site"
145,"neet ug 2026 eligibility",88,"NEET UG","eligibility",MOFU,"Online Education","NEET UG 2026 Eligibility – Age, Qualification & Relaxation"
146,"neet ug 2026 hall ticket",88,"NEET UG","hall ticket",BOFU,"Online Education","NEET UG 2026 Hall Ticket Download – Direct Link & Steps"
147,"nsp scholarship 2026 apply online direct link",88,"NSP Scholarship","direct-link",BOFU,"Scholarships","NSP Scholarship 2026 Apply Online Direct Link – Official Site"
148,"nsp scholarship 2026 eligibility",88,"NSP Scholarship","eligibility",MOFU,"Scholarships","NSP Scholarship 2026 Eligibility – Age, Qualification & Relaxation"
149,"nta ugc net 2026 apply online direct link",88,"NTA UGC NET","direct-link",BOFU,"Online Education","NTA UGC NET 2026 Apply Online Direct Link – Official Site"
150,"nta ugc net 2026 eligibility",88,"NTA UGC NET","eligibility",MOFU,"Online Education","NTA UGC NET 2026 Eligibility – Age, Qualification & Relaxation"
151,"nta ugc net 2026 hall ticket",88,"NTA UGC NET","hall ticket",BOFU,"Online Education","NTA UGC NET 2026 Hall Ticket Download – Direct Link & Steps"
152,"post matric scholarship 2026 apply online direct link",88,"Post Matric Scholarship","direct-link",BOFU,"Scholarships","Post Matric Scholarship 2026 Apply Online Direct Link – Official Site"
153,"post matric scholarship 2026 eligibility",88,"Post Matric Scholarship","eligibility",MOFU,"Scholarships","Post Matric Scholarship 2026 Eligibility – Age, Qualification & Relaxation"
154,"rrb group d 2026 apply online direct link",88,"RRB Group D","direct-link",BOFU,"Central Govt Jobs","RRB Group D 2026 Apply Online Direct Link – Official Site"
155,"rrb group d 2026 eligibility",88,"RRB Group D","eligibility",MOFU,"Central Govt Jobs","RRB Group D 2026 Eligibility – Age, Qualification & Relaxation"
156,"rrb group d 2026 hall ticket",88,"RRB Group D","hall ticket",BOFU,"Central Govt Jobs","RRB Group D 2026 Hall Ticket Download – Direct Link & Steps"
157,"rrb ntpc 2026 apply online direct link",88,"RRB NTPC","direct-link",BOFU,"Central Govt Jobs","RRB NTPC 2026 Apply Online Direct Link – Official Site"
158,"rrb ntpc 2026 eligibility",88,"RRB NTPC","eligibility",MOFU,"Central Govt Jobs","RRB NTPC 2026 Eligibility – Age, Qualification & Relaxation"
159,"rrb ntpc 2026 hall ticket",88,"RRB NTPC","hall ticket",BOFU,"Central Govt Jobs","RRB NTPC 2026 Hall Ticket Download – Direct Link & Steps"
160,"sbi clerk 2026 apply online direct link",88,"SBI Clerk","direct-link",BOFU,"Central Govt Jobs","SBI Clerk 2026 Apply Online Direct Link – Official Site"
161,"sbi clerk 2026 eligibility",88,"SBI Clerk","eligibility",MOFU,"Central Govt Jobs","SBI Clerk 2026 Eligibility – Age, Qualification & Relaxation"
162,"sbi clerk 2026 hall ticket",88,"SBI Clerk","hall ticket",BOFU,"Central Govt Jobs","SBI Clerk 2026 Hall Ticket Download – Direct Link & Steps"
163,"sbi po 2026 apply online direct link",88,"SBI PO","direct-link",BOFU,"Central Govt Jobs","SBI PO 2026 Apply Online Direct Link – Official Site"
164,"sbi po 2026 eligibility",88,"SBI PO","eligibility",MOFU,"Central Govt Jobs","SBI PO 2026 Eligibility – Age, Qualification & Relaxation"
165,"sbi po 2026 hall ticket",88,"SBI PO","hall ticket",BOFU,"Central Govt Jobs","SBI PO 2026 Hall Ticket Download – Direct Link & Steps"
166,"ssc cgl 2026 apply online direct link",88,"SSC CGL","direct-link",BOFU,"Central Govt Jobs","SSC CGL 2026 Apply Online Direct Link – Official Site"
167,"ssc cgl 2026 eligibility",88,"SSC CGL","eligibility",MOFU,"Central Govt Jobs","SSC CGL 2026 Eligibility – Age, Qualification & Relaxation"
168,"ssc cgl 2026 hall ticket",88,"SSC CGL","hall ticket",BOFU,"Central Govt Jobs","SSC CGL 2026 Hall Ticket Download – Direct Link & Steps"
169,"ssc chsl 2026 apply online direct link",88,"SSC CHSL","direct-link",BOFU,"Central Govt Jobs","SSC CHSL 2026 Apply Online Direct Link – Official Site"
170,"ssc chsl 2026 eligibility",88,"SSC CHSL","eligibility",MOFU,"Central Govt Jobs","SSC CHSL 2026 Eligibility – Age, Qualification & Relaxation"
171,"ssc chsl 2026 hall ticket",88,"SSC CHSL","hall ticket",BOFU,"Central Govt Jobs","SSC CHSL 2026 Hall Ticket Download – Direct Link & Steps"
172,"ssc gd 2026 apply online direct link",88,"SSC GD","direct-link",BOFU,"Central Govt Jobs","SSC GD 2026 Apply Online Direct Link – Official Site"
173,"ssc gd 2026 eligibility",88,"SSC GD","eligibility",MOFU,"Central Govt Jobs","SSC GD 2026 Eligibility – Age, Qualification & Relaxation"
174,"ssc gd 2026 hall ticket",88,"SSC GD","hall ticket",BOFU,"Central Govt Jobs","SSC GD 2026 Hall Ticket Download – Direct Link & Steps"
175,"ssc mts 2026 apply online direct link",88,"SSC MTS","direct-link",BOFU,"Central Govt Jobs","SSC MTS 2026 Apply Online Direct Link – Official Site"
176,"ssc mts 2026 eligibility",88,"SSC MTS","eligibility",MOFU,"Central Govt Jobs","SSC MTS 2026 Eligibility – Age, Qualification & Relaxation"
177,"ssc mts 2026 hall ticket",88,"SSC MTS","hall ticket",BOFU,"Central Govt Jobs","SSC MTS 2026 Hall Ticket Download – Direct Link & Steps"
178,"tg dsc 2026 apply online direct link",88,"TG DSC","direct-link",BOFU,"TS Govt Jobs","TG DSC 2026 Apply Online Direct Link – Official Site"
179,"tg dsc 2026 eligibility",88,"TG DSC","eligibility",MOFU,"TS Govt Jobs","TG DSC 2026 Eligibility – Age, Qualification & Relaxation"
180,"tg dsc 2026 hall ticket",88,"TG DSC","hall ticket",BOFU,"TS Govt Jobs","TG DSC 2026 Hall Ticket Download – Direct Link & Steps"
181,"tg eapcet 2026 apply online direct link",88,"TG EAPCET","direct-link",BOFU,"Online Education","TG EAPCET 2026 Apply Online Direct Link – Official Site"
182,"tg eapcet 2026 eligibility",88,"TG EAPCET","eligibility",MOFU,"Online Education","TG EAPCET 2026 Eligibility – Age, Qualification & Relaxation"
183,"tg eapcet 2026 hall ticket",88,"TG EAPCET","hall ticket",BOFU,"Online Education","TG EAPCET 2026 Hall Ticket Download – Direct Link & Steps"
184,"tslprb constable 2026 apply online direct link",88,"TSLPRB Constable","direct-link",BOFU,"TS Govt Jobs","TSLPRB Constable 2026 Apply Online Direct Link – Official Site"
185,"tslprb constable 2026 eligibility",88,"TSLPRB Constable","eligibility",MOFU,"TS Govt Jobs","TSLPRB Constable 2026 Eligibility – Age, Qualification & Relaxation"
186,"tslprb constable 2026 hall ticket",88,"TSLPRB Constable","hall ticket",BOFU,"TS Govt Jobs","TSLPRB Constable 2026 Hall Ticket Download – Direct Link & Steps"
187,"tslprb si 2026 apply online direct link",88,"TSLPRB SI","direct-link",BOFU,"TS Govt Jobs","TSLPRB SI 2026 Apply Online Direct Link – Official Site"
188,"tslprb si 2026 eligibility",88,"TSLPRB SI","eligibility",MOFU,"TS Govt Jobs","TSLPRB SI 2026 Eligibility – Age, Qualification & Relaxation"
189,"tslprb si 2026 hall ticket",88,"TSLPRB SI","hall ticket",BOFU,"TS Govt Jobs","TSLPRB SI 2026 Hall Ticket Download – Direct Link & Steps"
190,"tspsc group 1 2026 apply online direct link",88,"TSPSC Group 1","direct-link",BOFU,"TS Govt Jobs","TSPSC Group 1 2026 Apply Online Direct Link – Official Site"
191,"tspsc group 1 2026 eligibility",88,"TSPSC Group 1","eligibility",MOFU,"TS Govt Jobs","TSPSC Group 1 2026 Eligibility – Age, Qualification & Relaxation"
192,"tspsc group 1 2026 hall ticket",88,"TSPSC Group 1","hall ticket",BOFU,"TS Govt Jobs","TSPSC Group 1 2026 Hall Ticket Download – Direct Link & Steps"
193,"tspsc group 2 2026 apply online direct link",88,"TSPSC Group 2","direct-link",BOFU,"TS Govt Jobs","TSPSC Group 2 2026 Apply Online Direct Link – Official Site"
194,"tspsc group 2 2026 eligibility",88,"TSPSC Group 2","eligibility",MOFU,"TS Govt Jobs","TSPSC Group 2 2026 Eligibility – Age, Qualification & Relaxation"
195,"tspsc group 2 2026 hall ticket",88,"TSPSC Group 2","hall ticket",BOFU,"TS Govt Jobs","TSPSC Group 2 2026 Hall Ticket Download – Direct Link & Steps"
196,"telangana epass 2026 apply online direct link",88,"Telangana ePASS","direct-link",BOFU,"Scholarships","Telangana ePASS 2026 Apply Online Direct Link – Official Site"
197,"telangana epass 2026 eligibility",88,"Telangana ePASS","eligibility",MOFU,"Scholarships","Telangana ePASS 2026 Eligibility – Age, Qualification & Relaxation"
198,"upsc cse 2026 apply online direct link",88,"UPSC CSE","direct-link",BOFU,"Central Govt Jobs","UPSC CSE 2026 Apply Online Direct Link – Official Site"
199,"upsc cse 2026 eligibility",88,"UPSC CSE","eligibility",MOFU,"Central Govt Jobs","UPSC CSE 2026 Eligibility – Age, Qualification & Relaxation"
200,"upsc cse 2026 hall ticket",88,"UPSC CSE","hall ticket",BOFU,"Central Govt Jobs","UPSC CSE 2026 Hall Ticket Download – Direct Link & Steps"
